<application>
  <component name="ExportableFileTemplateSettings">
    <includes_templates>
      <template name="C File Header.h" reformat="true" live-template-enabled="false" enabled="false" />
    </includes_templates>
    <default_templates>
      <template name="CustomView.kt" file-name="${NAME}/#parse(&quot;NameToCamelCase.kt&quot;)" reformat="true" live-template-enabled="false">
        <template name="CustomView.kt.child.0.kt" file-name="#parse(&quot;RootPath.kt&quot;)/res/layout/${NAME}" reformat="true" live-template-enabled="false" />
        <template name="CustomView.kt.child.1.kt" file-name="${NAME}/#parse(&quot;NameToCamelCase.kt&quot;)Contract" reformat="true" live-template-enabled="false" />
        <template name="CustomView.kt.child.2.kt" file-name="${NAME}/#parse(&quot;NameToCamelCase.kt&quot;)Presenter" reformat="true" live-template-enabled="false" />
      </template>
      <template name="CustomView.kt.child.0.kt" file-name="#parse(&quot;RootPath.kt&quot;)/res/layout/${NAME}" reformat="true" live-template-enabled="false" />
      <template name="CustomView.kt.child.1.kt" file-name="${NAME}/#parse(&quot;NameToCamelCase.kt&quot;)Contract" reformat="true" live-template-enabled="false" />
      <template name="CustomView.kt.child.2.kt" file-name="${NAME}/#parse(&quot;NameToCamelCase.kt&quot;)Presenter" reformat="true" live-template-enabled="false" />
    </default_templates>
  </component>
</application>